{
    "AUDCAD": {
        "long": 9.4e-06,
        "short": -2.67e-05
    },
    "AUDCHF": {
        "long": -8.63e-05,
        "short": -6.56e-05
    },
    "AUDJPY": {
        "long": 0.0069535,
        "short": -0.0115653
    },
    "AUDNZD": {
        "long": -5.9e-06,
        "short": -1.51e-05
    },
    "AUDUSD": {
        "long": -1.2e-05,
        "short": -1.33e-05
    },
    "CADCHF": {
        "long": 3.15e-05,
        "short": -4.89e-05
    },
    "CADJPY": {
        "long": 0.0050201,
        "short": -0.0096163
    },
    "CADMXN": {
        "long": -0.0009077,
        "short": 0.0002684
    },
    "CHFDKK": {
        "long": -0.0007945,
        "short": 0.0002837
    },
    "CHFJPY": {
        "long": -0.0028712,
        "short": -0.0034588
    },
    "CHFNOK": {
        "long": -0.0001975,
        "short": 0.0001036
    },
    "CHFSEK": {
        "long": -0.0012244,
        "short": 0.0002694
    },
    "CNHJPY": {
        "long": 0.002464,
        "short": -0.0047824
    },
    "DKKSEK": {
        "long": -3.8e-05,
        "short": -2.96e-05
    },
    "EURAUD": {
        "long": -5.36e-05,
        "short": 4.34e-05
    },
    "EURCAD": {
        "long": -1.78e-05,
        "short": 6.8e-06
    },
    "EURCHF": {
        "long": 3.61e-05,
        "short": -7.64e-05
    },
    "EURCNH": {
        "long": -0.0001041,
        "short": 4.42e-05
    },
    "EURCZK": {
        "long": -0.0006104,
        "short": 0.0004053
    },
    "EURDKK": {
        "long": -2.3e-06,
        "short": -0.0001512
    },
    "EURGBP": {
        "long": -3.31e-05,
        "short": 1.03e-05
    },
    "EURHKD": {
        "long": -0.0007017,
        "short": 5.85e-05
    },
    "EURHUF": {
        "long": -0.0525895,
        "short": -0.0458192
    },
    "EURILS": {
        "long": -6.57e-05,
        "short": -8.79e-05
    },
    "EURJPY": {
        "long": 0.0069999,
        "short": -0.0134974
    },
    "EURMXN": {
        "long": -0.0013702,
        "short": 0.0004087
    },
    "EURNOK": {
        "long": -0.0004283,
        "short": -4.64e-05
    },
    "EURNZD": {
        "long": -5.19e-05,
        "short": 3.45e-05
    },
    "EURPLN": {
        "long": -0.0003067,
        "short": 0.0001429
    },
    "EURSEK": {
        "long": -0.0002896,
        "short": -0.0003075
    },
    "EURSGD": {
        "long": -3.73e-05,
        "short": -3.31e-05
    },
    "EURTRY": {
        "long": -0.0632262,
        "short": 0.0090437
    },
    "EURUSD": {
        "long": -6.96e-05,
        "short": 2.1e-05
    },
    "EURZAR": {
        "long": -0.0078534,
        "short": -0.0017365
    },
    "GBPAUD": {
        "long": -4.1e-05,
        "short": -4.1e-05
    },
    "GBPCAD": {
        "long": 3.8e-05,
        "short": -6.42e-05
    },
    "GBPCHF": {
        "long": 8.33e-05,
        "short": -0.0001393
    },
    "GBPDKK": {
        "long": 0.000199,
        "short": -0.0009502
    },
    "GBPHKD": {
        "long": -0.0002205,
        "short": -0.0003465
    },
    "GBPJPY": {
        "long": 0.0152067,
        "short": -0.0243317
    },
    "GBPMXN": {
        "long": -0.0006327,
        "short": 0.0001792
    },
    "GBPNOK": {
        "long": -0.0003282,
        "short": -0.0003906
    },
    "GBPNZD": {
        "long": 1.03e-05,
        "short": -4.15e-05
    },
    "GBPSEK": {
        "long": 0.0002094,
        "short": -0.0009725
    },
    "GBPSGD": {
        "long": 9.9e-06,
        "short": -0.0001023
    },
    "GBPUSD": {
        "long": 3.2e-06,
        "short": -2.01e-05
    },
    "GBPZAR": {
        "long": -0.0025382,
        "short": 0.0008203
    },
    "HKDJPY": {
        "long": 0.001592,
        "short": -0.0031696
    },
    "MXNJPY": {
        "long": 2.89e-05,
        "short": -5.44e-05
    },
    "NOKSEK": {
        "long": 0.002988,
        "short": -0.00588
    },
    "NZDCAD": {
        "long": 9.8e-06,
        "short": -2.13e-05
    },
    "NZDCHF": {
        "long": 3.2e-05,
        "short": -5.6e-05
    },
    "NZDJPY": {
        "long": 0.0058427,
        "short": -0.0100189
    },
    "NZDSGD": {
        "long": -2.44e-05,
        "short": -4.07e-05
    },
    "NZDUSD": {
        "long": -9.3e-06,
        "short": -6.2e-06
    },
    "SGDJPY": {
        "long": 4.77e-05,
        "short": -0.0001177
    },
    "TRYJPY": {
        "long": -0.001794,
        "short": -0.0070224
    },
    "USDCAD": {
        "long": -3.62e-05,
        "short": -4.23e-05
    },
    "USDCHF": {
        "long": 6.32e-05,
        "short": -0.0001046
    },
    "USDCNH": {
        "long": -0.0081378,
        "short": -0.0022927
    },
    "USDCZK": {
        "long": -0.00024,
        "short": -0.0002798
    },
    "USDDKK": {
        "long": 0.0003096,
        "short": -0.0003919
    },
    "USDHKD": {
        "long": -0.0005062,
        "short": -0.0003615
    },
    "USDHUF": {
        "long": -0.01867,
        "short": -0.0008385
    },
    "USDILS": {
        "long": 8.4e-05,
        "short": -0.0002001
    },
    "USDJPY": {
        "long": 0.0116895,
        "short": -0.0178864
    },
    "USDMXN": {
        "long": -0.0130153,
        "short": 0.0064018
    },
    "USDNOK": {
        "long": -0.0003808,
        "short": -0.0002395
    },
    "USDPLN": {
        "long": 3.9e-06,
        "short": -7.92e-05
    },
    "USDSEK": {
        "long": 0.0002017,
        "short": -0.0006984
    },
    "USDSGD": {
        "long": -3e-07,
        "short": -7.06e-05
    },
    "USDTHB": {
        "long": -0.0056593,
        "short": 0.0011685
    },
    "USDTRY": {
        "long": -0.0583885,
        "short": 0.0132915
    },
    "USDZAR": {
        "long": -0.0025274,
        "short": 0.0010106
    },
    "ZARJPY": {
        "long": 0.0089197,
        "short": -0.0172187
    }
}